{
  "mean": [
    1.708519458770752,
    -0.7164457440376282,
    -0.9481606483459473,
    -1.9469449520111084,
    1.8631035089492798,
    0.2225903868675232,
    -0.2924143373966217,
    0.9116084575653076,
    0.5501360297203064,
    0.16013196110725403,
    0.10297852754592896,
    0.30856022238731384,
    0.10097287595272064,
    0.00618347804993391,
    0.13700559735298157,
    0.26920264959335327,
    0.16681373119354248,
    -0.06800226122140884,
    0.09958931058645248,
    0.3002069890499115,
    0.1309836059808731,
    -0.051038164645433426,
    0.13315904140472412,
    0.41328829526901245,
    0.1513933390378952,
    -0.05792546272277832,
    0.15455828607082367,
    -1.5014389753341675,
    -0.8682372570037842,
    0.7376818060874939,
    -1.7402606010437012,
    -1.485528588294983,
    0.3809301555156708,
    -0.017856594175100327,
    0.9255008697509766,
    0.46210387349128723,
    0.16137699782848358,
    -0.03037402220070362,
    0.4607699513435364,
    -0.05133678764104843,
    -0.0026563198771327734,
    0.15634499490261078,
    0.4340277314186096,
    -0.05757063627243042,
    -0.04608500748872757,
    0.18726372718811035,
    0.4219200909137726,
    -0.013022469356656075,
    -0.06875212490558624,
    0.10313648730516434,
    0.3159496486186981,
    0.015455530025064945,
    -0.0692535862326622,
    0.0954531729221344
  ],
  "std": [
    0.44610196352005005,
    0.12398439645767212,
    0.3244919180870056,
    0.1818535327911377,
    0.24917098879814148,
    0.35400816798210144,
    0.261633962392807,
    0.24594229459762573,
    0.23120033740997314,
    0.05562557652592659,
    0.12824030220508575,
    0.14249974489212036,
    0.10358928143978119,
    0.19973397254943848,
    0.1779281049966812,
    0.12672053277492523,
    0.05326130613684654,
    0.08983080089092255,
    0.13440468907356262,
    0.1678313910961151,
    0.0724685788154602,
    0.09671248495578766,
    0.21740862727165222,
    0.22979524731636047,
    0.12021256238222122,
    0.11446307599544525,
    0.27186381816864014,
    0.5009437799453735,
    0.1951933056116104,
    0.36180126667022705,
    0.25240740180015564,
    0.3915284276008606,
    0.34084615111351013,
    0.4740065634250641,
    0.18067556619644165,
    0.18107248842716217,
    0.07354411482810974,
    0.07587133347988129,
    0.13259416818618774,
    0.07318475097417831,
    0.20632712543010712,
    0.17648661136627197,
    0.12388923764228821,
    0.04443656653165817,
    0.06730859726667404,
    0.12985484302043915,
    0.11979267001152039,
    0.0567837618291378,
    0.04348757863044739,
    0.08245212584733963,
    0.10605771094560623,
    0.07342957705259323,
    0.032441798597574234,
    0.0836140438914299
  ]
}